{
  "hash": "1a141aee",
  "configHash": "2771b447",
  "lockfileHash": "65ab9092",
  "browserHash": "a49039db",
  "optimized": {
    "@angular/common": {
      "src": "../../../../../node_modules/@angular/common/fesm2022/common.mjs",
      "file": "@angular_common.js",
      "fileHash": "eaa1e16a",
      "needsInterop": false
    },
    "@angular/common/http": {
      "src": "../../../../../node_modules/@angular/common/fesm2022/http.mjs",
      "file": "@angular_common_http.js",
      "fileHash": "2af89ffc",
      "needsInterop": false
    },
    "@angular/core": {
      "src": "../../../../../node_modules/@angular/core/fesm2022/core.mjs",
      "file": "@angular_core.js",
      "fileHash": "10c44907",
      "needsInterop": false
    },
    "@angular/forms": {
      "src": "../../../../../node_modules/@angular/forms/fesm2022/forms.mjs",
      "file": "@angular_forms.js",
      "fileHash": "b056b4c7",
      "needsInterop": false
    },
    "@angular/material/button": {
      "src": "../../../../../node_modules/@angular/material/fesm2022/button.mjs",
      "file": "@angular_material_button.js",
      "fileHash": "73fb56c9",
      "needsInterop": false
    },
    "@angular/material/dialog": {
      "src": "../../../../../node_modules/@angular/material/fesm2022/dialog.mjs",
      "file": "@angular_material_dialog.js",
      "fileHash": "52cea0fc",
      "needsInterop": false
    },
    "@angular/platform-browser": {
      "src": "../../../../../node_modules/@angular/platform-browser/fesm2022/platform-browser.mjs",
      "file": "@angular_platform-browser.js",
      "fileHash": "d3301009",
      "needsInterop": false
    },
    "@angular/platform-browser/animations/async": {
      "src": "../../../../../node_modules/@angular/platform-browser/fesm2022/animations/async.mjs",
      "file": "@angular_platform-browser_animations_async.js",
      "fileHash": "841ee81d",
      "needsInterop": false
    },
    "@angular/router": {
      "src": "../../../../../node_modules/@angular/router/fesm2022/router.mjs",
      "file": "@angular_router.js",
      "fileHash": "4bb7cc07",
      "needsInterop": false
    },
    "@fullcalendar/angular": {
      "src": "../../../../../node_modules/@fullcalendar/angular/fesm2020/fullcalendar-angular.mjs",
      "file": "@fullcalendar_angular.js",
      "fileHash": "7fca8de5",
      "needsInterop": false
    },
    "@fullcalendar/core/locales/fr": {
      "src": "../../../../../node_modules/@fullcalendar/core/locales/fr.js",
      "file": "@fullcalendar_core_locales_fr.js",
      "fileHash": "cc8224ba",
      "needsInterop": false
    },
    "@fullcalendar/daygrid": {
      "src": "../../../../../node_modules/@fullcalendar/daygrid/index.js",
      "file": "@fullcalendar_daygrid.js",
      "fileHash": "45f84a4b",
      "needsInterop": false
    },
    "@fullcalendar/interaction": {
      "src": "../../../../../node_modules/@fullcalendar/interaction/index.js",
      "file": "@fullcalendar_interaction.js",
      "fileHash": "87999a3b",
      "needsInterop": false
    },
    "@swimlane/ngx-charts": {
      "src": "../../../../../node_modules/@swimlane/ngx-charts/fesm2020/swimlane-ngx-charts.mjs",
      "file": "@swimlane_ngx-charts.js",
      "fileHash": "bece5ead",
      "needsInterop": false
    },
    "chart.js": {
      "src": "../../../../../node_modules/chart.js/dist/chart.js",
      "file": "chart__js.js",
      "fileHash": "b03b574f",
      "needsInterop": false
    }
  },
  "chunks": {
    "browser-25Z2W2Y3": {
      "file": "browser-25Z2W2Y3.js"
    },
    "chunk-OWXOVDCX": {
      "file": "chunk-OWXOVDCX.js"
    },
    "chunk-CKAP7MRD": {
      "file": "chunk-CKAP7MRD.js"
    },
    "chunk-BBKXQ7PH": {
      "file": "chunk-BBKXQ7PH.js"
    },
    "chunk-3SOOW73Y": {
      "file": "chunk-3SOOW73Y.js"
    },
    "chunk-5FP35362": {
      "file": "chunk-5FP35362.js"
    },
    "chunk-27VE5OKP": {
      "file": "chunk-27VE5OKP.js"
    },
    "chunk-OPVH6CJV": {
      "file": "chunk-OPVH6CJV.js"
    },
    "chunk-DA7PRSF3": {
      "file": "chunk-DA7PRSF3.js"
    },
    "chunk-TXDUYLVM": {
      "file": "chunk-TXDUYLVM.js"
    }
  }
}