{
  "hash": "87ec8012",
  "configHash": "31710959",
  "lockfileHash": "65ab9092",
  "browserHash": "e24f38fe",
  "optimized": {
    "@angular/common": {
      "src": "../../../../../node_modules/@angular/common/fesm2022/common.mjs",
      "file": "@angular_common.js",
      "fileHash": "45a31208",
      "needsInterop": false
    },
    "@angular/common/http": {
      "src": "../../../../../node_modules/@angular/common/fesm2022/http.mjs",
      "file": "@angular_common_http.js",
      "fileHash": "21021dd4",
      "needsInterop": false
    },
    "@angular/core": {
      "src": "../../../../../node_modules/@angular/core/fesm2022/core.mjs",
      "file": "@angular_core.js",
      "fileHash": "aee6c69b",
      "needsInterop": false
    },
    "@angular/forms": {
      "src": "../../../../../node_modules/@angular/forms/fesm2022/forms.mjs",
      "file": "@angular_forms.js",
      "fileHash": "71a6a79d",
      "needsInterop": false
    },
    "@angular/material/button": {
      "src": "../../../../../node_modules/@angular/material/fesm2022/button.mjs",
      "file": "@angular_material_button.js",
      "fileHash": "74af31fb",
      "needsInterop": false
    },
    "@angular/material/dialog": {
      "src": "../../../../../node_modules/@angular/material/fesm2022/dialog.mjs",
      "file": "@angular_material_dialog.js",
      "fileHash": "5a1b1828",
      "needsInterop": false
    },
    "@angular/platform-browser": {
      "src": "../../../../../node_modules/@angular/platform-browser/fesm2022/platform-browser.mjs",
      "file": "@angular_platform-browser.js",
      "fileHash": "bcd39ed7",
      "needsInterop": false
    },
    "@angular/platform-browser/animations/async": {
      "src": "../../../../../node_modules/@angular/platform-browser/fesm2022/animations/async.mjs",
      "file": "@angular_platform-browser_animations_async.js",
      "fileHash": "0ea35f3c",
      "needsInterop": false
    },
    "@angular/platform-server": {
      "src": "../../../../../node_modules/@angular/platform-server/fesm2022/platform-server.mjs",
      "file": "@angular_platform-server.js",
      "fileHash": "4c4b7585",
      "needsInterop": false
    },
    "@angular/router": {
      "src": "../../../../../node_modules/@angular/router/fesm2022/router.mjs",
      "file": "@angular_router.js",
      "fileHash": "d7ae0034",
      "needsInterop": false
    },
    "@fullcalendar/angular": {
      "src": "../../../../../node_modules/@fullcalendar/angular/fesm2015/fullcalendar-angular.mjs",
      "file": "@fullcalendar_angular.js",
      "fileHash": "407c616a",
      "needsInterop": false
    },
    "@fullcalendar/core/locales/fr": {
      "src": "../../../../../node_modules/@fullcalendar/core/locales/fr.js",
      "file": "@fullcalendar_core_locales_fr.js",
      "fileHash": "25f7e211",
      "needsInterop": false
    },
    "@fullcalendar/daygrid": {
      "src": "../../../../../node_modules/@fullcalendar/daygrid/index.js",
      "file": "@fullcalendar_daygrid.js",
      "fileHash": "44d9eb03",
      "needsInterop": false
    },
    "@fullcalendar/interaction": {
      "src": "../../../../../node_modules/@fullcalendar/interaction/index.js",
      "file": "@fullcalendar_interaction.js",
      "fileHash": "4e63af94",
      "needsInterop": false
    },
    "@swimlane/ngx-charts": {
      "src": "../../../../../node_modules/@swimlane/ngx-charts/fesm2015/swimlane-ngx-charts.mjs",
      "file": "@swimlane_ngx-charts.js",
      "fileHash": "634e79dd",
      "needsInterop": false
    },
    "chart.js": {
      "src": "../../../../../node_modules/chart.js/dist/chart.js",
      "file": "chart__js.js",
      "fileHash": "6d1e012f",
      "needsInterop": false
    }
  },
  "chunks": {
    "browser-XOZTBI4J": {
      "file": "browser-XOZTBI4J.js"
    },
    "xhr2-AQ42KH57": {
      "file": "xhr2-AQ42KH57.js"
    },
    "chunk-KFHDQQOQ": {
      "file": "chunk-KFHDQQOQ.js"
    },
    "chunk-BOHHRYYB": {
      "file": "chunk-BOHHRYYB.js"
    },
    "chunk-DVLMCNTO": {
      "file": "chunk-DVLMCNTO.js"
    },
    "chunk-3VRNHMHY": {
      "file": "chunk-3VRNHMHY.js"
    },
    "chunk-UYNK5AZV": {
      "file": "chunk-UYNK5AZV.js"
    },
    "chunk-32ZH2GDL": {
      "file": "chunk-32ZH2GDL.js"
    },
    "chunk-JSJJBCXC": {
      "file": "chunk-JSJJBCXC.js"
    },
    "chunk-ADPK4N2K": {
      "file": "chunk-ADPK4N2K.js"
    },
    "chunk-OWLUMR7K": {
      "file": "chunk-OWLUMR7K.js"
    },
    "chunk-NQ4HTGF6": {
      "file": "chunk-NQ4HTGF6.js"
    }
  }
}